{"stats":{"minecraft:used":{"minecraft:diorite":15,"spartanweaponry:golden_boomerang":13,"minecraft:stone_pickaxe":15,"minecraft:baked_potato":16,"farmersdelight:cabbage_seeds":4,"minecraft:ladder":1,"minecraft:spruce_planks":7,"minecraft:iron_sword":25,"vanillaplustools:stone_hammer":29,"minecraft:diamond_axe":12,"minecraft:dirt":11,"minecraft:crafting_table":4,"minecraft:carrot":115,"thirst:terracotta_water_bowl":14,"spartanshields:stone_basic_shield":7,"minecraft:iron_pickaxe":50,"minecraft:spruce_sapling":4,"minecraft:stone_bricks":7,"minecraft:stone_axe":92,"minecraft:potion":25,"mutantmonsters:hulk_hammer":20,"minecraft:sweet_berries":3,"minecraft:furnace":1,"scorchedguns:carabine_44":66,"cgm:mini_gun":50},"minecraft:killed":{"minecraft:husk":3,"minecraft:zombified_piglin":1,"minecraft:zombie":20,"minecraft:drowned":7},"minecraft:mined":{"minecraft:crafting_table":3,"minecraft:ladder":1,"minecraft:grass_block":4,"farmersdelight:cabbages":4,"minecraft:cobblestone":8,"minecraft:sugar_cane":11,"minecraft:diorite":15,"farmersdelight:sandy_shrub":1,"minecraft:carrots":13,"zombie_extreme:ore_lead":2,"minecraft:iron_ore":14,"minecraft:wheat":4,"minecraft:sweet_berry_bush":1,"zombie_extreme:ore_steel":1,"minecraft:spruce_log":85,"minecraft:andesite":9,"minecraft:grass":4,"minecraft:potatoes":1,"minecraft:coal_ore":11,"zombie_extreme:oil_shale_sand":7,"minecraft:rail":1,"minecraft:dirt":8,"farmersdelight:rice_panicles":1,"minecraft:cracked_stone_bricks":2,"minecraft:stone_bricks":10,"minecraft:stone":143,"minecraft:mossy_stone_bricks":1},"minecraft:dropped":{"cgm:mini_gun":1,"scorchedguns:carabine_44":1,"minecraft:rotten_flesh":19,"minecraft:book":1,"minecraft:stick":3,"minecraft:dirt":8,"thirst:terracotta_bowl":1,"minecraft:stone_pickaxe":1},"minecraft:killed_by":{"minecraft:player":5,"minecraft:zombified_piglin":1,"zombie_extreme:infected_military":1,"minecraft:zombie":1},"minecraft:custom":{"minecraft:interact_with_furnace":19,"spartanshields:shield_bash_hits":2,"minecraft:mob_kills":60,"minecraft:interact_with_anvil":2,"minecraft:interact_with_crafting_table":11,"minecraft:damage_dealt_resisted":606,"minecraft:interact_with_stonecutter":2,"minecraft:leave_game":2,"minecraft:time_since_death":2300,"minecraft:sleep_in_bed":3,"minecraft:climb_one_cm":23977,"minecraft:time_since_rest":2547,"minecraft:sprint_one_cm":239794,"minecraft:damage_taken":4790,"minecraft:walk_one_cm":359680,"minecraft:damage_blocked_by_shield":343,"minecraft:drop":9,"minecraft:damage_dealt":1481,"minecraft:fly_one_cm":59048,"minecraft:open_chest":70,"minecraft:crouch_one_cm":673,"minecraft:play_time":135418,"minecraft:deaths":8,"minecraft:sneak_time":1145,"minecraft:walk_under_water_one_cm":9053,"minecraft:jump":641,"minecraft:walk_on_water_one_cm":22982,"minecraft:total_world_time":135418,"minecraft:fall_one_cm":9128},"minecraft:crafted":{"minecraft:crafting_table":1,"minecraft:spruce_planks":324,"minecraft:iron_sword":1,"spartanweaponry:golden_boomerang":4,"minecraft:furnace":1,"spartanshields:stone_basic_shield":1,"thirst:terracotta_water_bowl":13,"minecraft:stone_axe":1,"minecraft:potion":33,"minecraft:stick":8,"minecraft:iron_ingot":25,"spartanshields:wooden_basic_shield":1,"minecraft:torch":20},"minecraft:picked_up":{"minecraft:crafting_table":3,"cgm:basic_bullet":192,"minecraft:ladder":1,"minecraft:leather_leggings":1,"minecraft:andesite":9,"minecraft:potato":3,"minecraft:weathered_cut_copper_stairs":1,"minecraft:dirt":22,"zombie_extreme:raw_steel":1,"zombie_extreme:raw_lead":2,"cgm:grenade":5,"minecraft:stone_bricks":10,"minecraft:cracked_stone_bricks":2,"minecraft:wheat_seeds":4,"minecraft:gold_nugget":1,"cgm:mini_gun":1,"farmersdelight:cabbage":4,"minecraft:spruce_planks":2,"minecraft:stone_pickaxe":1,"minecraft:mossy_stone_bricks":1,"zombie_extreme:oil_shale":7,"minecraft:sugar_cane":22,"farmersdelight:cabbage_seeds":11,"minecraft:stick":4,"minecraft:raw_iron":14,"minecraft:sweet_berries":2,"minecraft:spruce_sapling":14,"thirst:terracotta_bowl":1,"minecraft:diorite":15,"minecraft:spruce_log":81,"minecraft:carrot":49,"spartanweaponry:iron_battle_hammer":1,"minecraft:rotten_flesh":27,"scorchedguns:carabine_44":2,"minecraft:coal":11,"minecraft:rail":1,"minecraft:cobblestone":101}},"DataVersion":3120}