{"stats":{"minecraft:custom":{"minecraft:interact_with_crafting_table":156,"minecraft:open_barrel":4,"minecraft:leave_game":34,"minecraft:time_since_death":621180,"minecraft:damage_blocked_by_shield":2084,"minecraft:play_time":1901406,"minecraft:deaths":39,"minecraft:jump":17315,"minecraft:enchant_item":6,"minecraft:interact_with_furnace":507,"minecraft:traded_with_villager":810,"minecraft:sleep_in_bed":32,"minecraft:damage_dealt":38673,"minecraft:interact_with_smoker":3,"minecraft:interact_with_anvil":26,"minecraft:damage_dealt_absorbed":200,"minecraft:sneak_time":107451,"minecraft:interact_with_blast_furnace":47,"minecraft:total_world_time":1901850,"minecraft:time_since_rest":475453,"minecraft:swim_one_cm":315037,"minecraft:fly_one_cm":4425192,"minecraft:open_chest":1202,"minecraft:fall_one_cm":227272,"minecraft:animals_bred":10,"minecraft:sprint_one_cm":4514663,"minecraft:drop":1249,"minecraft:talked_to_villager":355,"minecraft:walk_on_water_one_cm":257105,"minecraft:player_kills":18,"minecraft:crouch_one_cm":286679,"minecraft:mob_kills":3268,"minecraft:damage_dealt_resisted":52990,"minecraft:climb_one_cm":131118,"minecraft:walk_one_cm":5908908,"minecraft:walk_under_water_one_cm":203791,"minecraft:boat_one_cm":473092,"spartanshields:shield_bash_hits":3,"minecraft:interact_with_grindstone":1,"minecraft:damage_absorbed":331,"minecraft:damage_taken":26379},"minecraft:mined":{"minecraft:white_bed":6,"minecraft:obsidian":85,"minecraft:granite":769,"minecraft:acacia_log":9,"minecraft:stone_brick_wall":19,"zombie_extreme:deepslate_lead":17,"minecraft:light_gray_bed":6,"automobility:auto_mechanic_table":3,"minecraft:spawner":9,"minecraft:light_blue_stained_glass":17,"minecraft:tall_seagrass":7,"minecraft:magma_block":6,"minecraft:fire":3,"minecraft:cobbled_deepslate":13,"zombie_extreme:ore_steel":12,"minecraft:pumpkin":4,"minecraft:deepslate_lapis_ore":10,"minecraft:enchanting_table":1,"zombie_extreme:deepslate_tin":39,"minecraft:dirt_path":20,"minecraft:light_gray_concrete":91,"minecraft:deepslate_brick_stairs":1,"farmersdelight:rice_panicles":40,"zombie_extreme:washing_machine":1,"minecraft:brown_mushroom":9,"minecraft:amethyst_cluster":3,"minecraft:torch":16,"minecraft:blast_furnace":5,"minecraft:melon":27,"minecraft:white_stained_glass_pane":1,"farmersdelight:cabbages":89,"minecraft:sugar_cane":154,"minecraft:amethyst_block":185,"zombie_extreme:deepslate_ruby":1,"minecraft:black_concrete_powder":2,"zombie_extreme:metal_fence":1,"zombie_extreme:thorium_ore":2,"minecraft:wheat":84,"zombie_extreme:ore_ruby":4,"zombie_extreme:deepslate_steel":28,"minecraft:stone_brick_stairs":5,"minecraft:grass":475,"minecraft:smooth_basalt":161,"minecraft:deepslate":8906,"minecraft:blue_stained_glass_pane":2,"farmersdelight:wild_carrots":25,"minecraft:spruce_fence":72,"farmersdelight:wild_cabbages":2,"minecraft:red_mushroom":7,"minecraft:white_concrete_powder":3,"farmersdelight:wild_onions":4,"zombie_extreme:ore_lead":2,"minecraft:andesite":943,"bunker_down:steel_vent":2,"minecraft:potatoes":83,"minecraft:cobblestone_slab":1,"zombie_extreme:deepslate_aluminum":23,"minecraft:smithing_table":1,"minecraft:gray_concrete":48,"minecraft:soul_sand":1,"minecraft:stone_brick_slab":59,"minecraft:dandelion":5,"minecraft:cornflower":1,"minecraft:light_gray_concrete_powder":15,"minecraft:copper_ore":185,"minecraft:tall_grass":91,"minecraft:deepslate_gold_ore":31,"minecraft:diorite":462,"zombie_extreme:ore_tin":17,"minecraft:cobblestone_wall":9,"minecraft:spruce_log":2541,"minecraft:gravel":948,"minecraft:cobweb":2,"minecraft:stone_bricks":98,"minecraft:spruce_planks":313,"minecraft:oak_sapling":1,"farmersdelight:rich_soil":16,"minecraft:farmland":161,"minecraft:brewing_stand":1,"minecraft:spruce_trapdoor":4,"minecraft:budding_amethyst":16,"minecraft:grass_block":1556,"zombie_extreme:deepslate_thorium":3,"minecraft:white_concrete":128,"minecraft:composter":1,"minecraft:raw_iron_block":4,"minecraft:glowstone":16,"automobility:automobile_assembler":5,"farmersdelight:rice":1,"minecraft:iron_ore":220,"minecraft:anvil":2,"minecraft:iron_bars":3,"minecraft:spruce_slab":2,"minecraft:deepslate_redstone_ore":38,"minecraft:quartz_block":16,"minecraft:cyan_terracotta":1,"minecraft:blackstone":189,"farmersdelight:organic_compost":6,"minecraft:polished_deepslate_stairs":5,"minecraft:melon_stem":2,"minecraft:clay":24,"minecraft:light_gray_terracotta":1,"minecraft:calcite":233,"minecraft:poppy":1,"minecraft:chest":3,"farmersdelight:brown_mushroom_colony":13,"zombie_extreme:barbed_fence":1,"minecraft:nether_quartz_ore":155,"minecraft:cobblestone":196,"minecraft:oak_planks":21,"minecraft:iron_door":5,"minecraft:wall_torch":11,"minecraft:deepslate_copper_ore":6,"minecraft:seagrass":4,"minecraft:stone_stairs":2,"minecraft:birch_log":11,"minecraft:smooth_stone_slab":1,"minecraft:oak_log":160,"minecraft:beetroots":5,"minecraft:sand":506,"minecraft:dirt":364,"minecraft:ancient_debris":16,"minecraft:netherrack":12634,"minecraft:oak_leaves":2,"minecraft:nether_gold_ore":57,"minecraft:tuff":1261,"farmersdelight:onions":49,"minecraft:deepslate_diamond_ore":33,"minecraft:ladder":1,"minecraft:white_stained_glass":1,"farmersdelight:tomatoes":6,"minecraft:spruce_leaves":40,"farmersdelight:red_mushroom_colony":13,"cgm:workbench":1,"horror_element_mod:herobrine_head":1,"minecraft:large_fern":6,"minecraft:hay_block":13,"minecraft:spruce_sapling":10,"minecraft:furnace":8,"minecraft:carrots":65,"minecraft:black_concrete":32,"minecraft:bookshelf":19,"minecraft:deepslate_iron_ore":242,"minecraft:stripped_oak_log":1,"minecraft:stone":8611,"minecraft:podzol":63,"zombie_extreme:ore_aluminum":1,"minecraft:spruce_door":1,"minecraft:oak_fence":25,"minecraft:crafting_table":2,"minecraft:lectern":146,"minecraft:lapis_ore":17,"minecraft:birch_planks":4,"k_turrets:deepslate_titanium_ore":4,"minecraft:sweet_berry_bush":59,"minecraft:yellow_bed":2,"k_turrets:titanium_ore":48,"minecraft:coal_ore":304,"minecraft:cracked_stone_bricks":10,"minecraft:mossy_stone_bricks":4},"minecraft:picked_up":{"cgm:basic_bullet":9562,"minecraft:anvil":4,"minecraft:smithing_table":1,"minecraft:lead":1,"minecraft:diamond_sword":1,"farmersdelight:rice_panicle":55,"minecraft:enchanted_book":22,"minecraft:brewing_stand":1,"zombie_extreme:police_suit_chestplate":2,"projectarsenal:ar15_classic":4,"minecraft:golden_sword":2,"minecraft:amethyst_block":185,"farmersdelight:cutting_board":1,"minecraft:string":462,"minecraft:weathered_cut_copper_stairs":24,"cgm:long_scope":3,"securitycraft:reinforced_dirt":1,"minecraft:beetroot":5,"vanillaplustools:stone_shovel":1,"minecraft:gold_nugget":246,"minecraft:cobbled_deepslate":7486,"minecraft:spruce_planks":809,"minecraft:melon_slice":155,"cgm:advanced_bullet":4310,"zombie_extreme:ruby":6,"zombie_extreme:raw_aluminum":23,"minecraft:golden_helmet":4,"minecraft:spruce_pressure_plate":64,"minecraft:composter":1,"minecraft:acacia_log":9,"minecraft:golden_chestplate":6,"cgm:medium_scope":4,"horror_element_mod:herobrine_head":1,"automobility:automobile_frame":8,"minecraft:stone_sword":1,"minecraft:light_gray_bed":7,"farmersdelight:onion":358,"zombie_extreme:rotten_apple":72,"minecraft:carved_pumpkin":19,"minecraft:cyan_terracotta":1,"minecraft:glowstone":14,"minecraft:bookshelf":10,"securitycraft:universal_block_reinforcer_lvl2":1,"minecraft:blaze_rod":64,"minecraft:iron_bars":294,"minecraft:birch_log":11,"minecraft:magma_block":14,"spartanweaponry:iron_warhammer":11,"minecraft:feather":2,"farmersdelight:rice":22,"minecraft:iron_door":4,"minecraft:water_bucket":2,"spartanweaponry:iron_battleaxe":7,"minecraft:brown_wool":2,"vanillaplustools:diamond_hammer":2,"farmersdelight:bacon":4,"minecraft:flint":96,"securitycraft:reinforced_stone_brick_slab":1,"minecraft:gray_concrete":48,"farmersdelight:tomato":133,"minecraft:lantern":1,"minecraft:light_gray_concrete_powder":15,"spartanweaponry:iron_rapier":10,"minecraft:exposed_cut_copper_stairs":4,"zombie_extreme:washing_machine":1,"taccraft:assault_vest_boots":2,"spartanweaponry:iron_greatsword":15,"quark:soul_bead":1,"minecraft:glowstone_dust":5,"spartanweaponry:iron_saber":6,"automobility:automobile_engine":5,"minecraft:ink_sac":36,"minecraft:fermented_spider_eye":9,"securitycraft:universal_block_remover":7,"securitycraft:reinforced_stone_brick_stairs":3,"minecraft:black_concrete_powder":2,"minecraft:deepslate":179,"minecraft:granite":888,"zombie_extreme:raw_thorium":3,"minecraft:chainmail_helmet":3,"minecraft:bread":7,"zombie_extreme:titan_nugget":1,"minecraft:bricks":2,"projectarsenal:r2_suppressor":2,"minecraft:diamond_pickaxe":1,"sophisticatedbackpacks:gold_backpack":1,"minecraft:crafting_table":4,"minecraft:nether_wart":64,"minecraft:clay_ball":96,"minecraft:leather_leggings":7,"zombie_extreme:raw_tin":63,"minecraft:cornflower":2,"minecraft:iron_shovel":3,"minecraft:cracked_stone_bricks":27,"securitycraft:keypad_frame":1,"minecraft:beef":32,"minecraft:poppy":1,"minecraft:spruce_slab":43,"minecraft:chest":9,"minecraft:birch_sapling":6,"minecraft:egg":15,"minecraft:stone":398,"farmersdelight:minced_beef":90,"sophisticatedbackpacks:crafting_upgrade":1,"minecraft:spruce_fence":407,"minecraft:fire_charge":64,"farmersdelight:tomato_seeds":25,"securitycraft:reinforced_iron_bars":198,"zombie_extreme:canned_stew":1,"minecraft:carrot":431,"minecraft:redstone":211,"minecraft:stone_shovel":1,"minecraft:beetroot_seeds":12,"spartanweaponry:diamond_lance":1,"minecraft:hay_block":13,"projectarsenal:skeletongrip":1,"minecraft:gold_ingot":129,"sophisticatedbackpacks:copper_backpack":1,"scorchedguns:carabine_44":1,"minecraft:mutton":50,"minecraft:white_wool":55,"minecraft:bone_block":32,"minecraft:rail":1,"minecraft:oxeye_daisy":1,"minecraft:stripped_oak_log":49,"taccraft:assault_vest_helmet":2,"spartanweaponry:iron_longsword":11,"minecraft:red_mushroom":172,"minecraft:ancient_debris":20,"minecraft:oak_log":274,"zombie_extreme:bronze_nugget":3,"minecraft:golden_boots":2,"minecraft:paper":2,"securitycraft:reinforced_glass":64,"zombie_extreme:raw_steel":35,"minecraft:white_banner":2,"zombie_extreme:raw_lead":20,"automobility:automobile_wheel":11,"farmersdelight:organic_compost":6,"minecraft:apple":9,"minecraft:stone_bricks":473,"automobility:auto_mechanic_table":3,"thirst:terracotta_water_bowl":1,"minecraft:stone_pickaxe":3,"zombie_extreme:magnetic_card":3,"minecraft:glass_bottle":52,"spartanweaponry:iron_dagger":9,"minecraft:iron_sword":1,"scorchedguns:tactical_grip":1,"minecraft:smooth_basalt":151,"minecraft:sweet_berries":217,"minecraft:gravel":940,"minecraft:spruce_sapling":308,"thirst:terracotta_bowl":17,"minecraft:spruce_log":3090,"farmersdelight:cabbage_leaf":200,"minecraft:leather_helmet":5,"securitycraft:whitelist_module":5,"spartanweaponry:iron_battle_hammer":6,"minecraft:diamond_shovel":1,"minecraft:stone_axe":4,"minecraft:diamond_axe":3,"minecraft:gray_wool":2,"securitycraft:keypad":3,"minecraft:baked_potato":44,"minecraft:melon_seeds":9,"minecraft:ender_pearl":4,"minecraft:wheat":234,"securitycraft:keypad_item":1,"minecraft:exposed_copper":1,"vanillaplustools:diamond_shovel":1,"minecraft:potion":16,"minecraft:stone_brick_stairs":7,"spartanweaponry:iron_katana":7,"minecraft:raw_copper":1187,"minecraft:smooth_stone_slab":1,"zombie_extreme:golf_club":1,"farmersdelight:cabbage":161,"cgm:short_scope":3,"minecraft:cobblestone_slab":213,"minecraft:calcite":233,"spartanweaponry:iron_flanged_mace":7,"farmersdelight:cabbage_seeds":375,"minecraft:furnace":10,"zombie_extreme:police_suit_helmet":1,"minecraft:stick":394,"bunker_down:airlock_iron_trapdoor":1,"farmersdelight:rotten_tomato":4,"minecraft:polished_deepslate_stairs":33,"minecraft:oak_fence":25,"minecraft:torch":146,"minecraft:spruce_stairs":130,"minecraft:porkchop":35,"minecraft:diorite":423,"scorchedguns:steyr_smg":3,"mutantmonsters:hulk_hammer":2,"minecraft:quartz_block":62,"minecraft:nether_gold_ore":22,"minecraft:rotten_flesh":2497,"projectarsenal:arx160":5,"farmersdelight:tree_bark":126,"minecraft:deepslate_brick_stairs":173,"farmersdelight:raw_pasta":53,"minecraft:obsidian":81,"minecraft:cobblestone":9728,"minecraft:nautilus_shell":1,"minecraft:enchanting_table":1,"minecraft:leather_chestplate":6,"minecraft:magma_cream":1,"minecraft:andesite":1316,"minecraft:golden_leggings":5,"bunker_down:steel_vent":2,"minecraft:potato":809,"minecraft:tuff":1266,"minecraft:lapis_lazuli":394,"minecraft:dirt":4214,"scorchedguns:heavy_bullet":36,"minecraft:leather_boots":4,"minecraft:bone":40,"minecraft:wheat_seeds":651,"minecraft:deepslate_brick_slab":5,"minecraft:raw_gold":57,"farmersdelight:pumpkin_slice":4,"minecraft:mossy_stone_bricks":27,"minecraft:oak_planks":195,"minecraft:poisonous_potato":2,"minecraft:sand":779,"minecraft:grass_block":3,"minecraft:light_gray_concrete":91,"minecraft:light_gray_terracotta":20,"projectarsenal:verticalgrip":1,"minecraft:sugar":40,"minecraft:slime_block":6,"minecraft:diamond":68,"minecraft:spruce_boat":4,"minecraft:black_concrete":32,"scorchedguns:ooz_96":1,"minecraft:crossbow":1,"minecraft:white_concrete":128,"minecraft:emerald":37,"minecraft:oak_sapling":126,"minecraft:netherrack":9671,"rottencreatures:magma_rotten_flesh":3,"minecraft:fishing_rod":10,"minecraft:firework_star":64,"minecraft:allium":9,"minecraft:azure_bluet":2,"minecraft:ladder":12,"minecraft:brown_mushroom":162,"minecraft:wooden_pickaxe":1,"minecraft:stone_brick_wall":32,"zombie_extreme:juggernaut_suit_helmet":2,"minecraft:brick":15,"minecraft:stone_stairs":11,"minecraft:iron_axe":21,"minecraft:blackstone":52,"farmersdelight:straw":20,"minecraft:oak_boat":2,"minecraft:lectern":146,"minecraft:sugar_cane":347,"minecraft:spruce_trapdoor":26,"minecraft:phantom_membrane":3,"minecraft:raw_iron":881,"zombie_extreme:soda_used":1,"minecraft:copper_ingot":10,"automobility:automobile_assembler":5,"scorchedguns:wooden_stock":4,"minecraft:trident":1,"zombie_extreme:green_apple":3,"scorchedguns:lm_spear_trough":1,"k_turrets:raw_titanium":99,"securitycraft:reinforced_stone_bricks":349,"minecraft:saddle":1,"securitycraft:keypad_door_item":1,"scorchedguns:wire_stock":2,"farmersdelight:rich_soil":19,"minecraft:oxidized_cut_copper_stairs":2,"minecraft:glow_ink_sac":3,"minecraft:leather":90,"minecraft:birch_planks":3,"minecraft:yellow_bed":2,"minecraft:cobblestone_wall":10,"minecraft:gunpowder":3099,"zombie_extreme:black_ops_glasses_helmet":1,"farmersdelight:apple_cider":39,"minecraft:iron_ingot":269,"zombie_extreme:cloth":6,"sophisticatedbackpacks:smelting_upgrade":1,"minecraft:soul_sand":64,"minecraft:acacia_sapling":5,"taccraft:assault_vest_leggings":2,"sophisticatedbackpacks:diamond_backpack":4,"minecraft:book":60,"minecraft:nether_quartz_ore":4,"minecraft:pumpkin":6,"minecraft:stone_brick_slab":129,"minecraft:quartz":341,"minecraft:dandelion":17,"minecraft:raw_iron_block":4,"minecraft:lava_bucket":1,"minecraft:amethyst_shard":46,"minecraft:blast_furnace":5,"minecraft:white_bed":7,"minecraft:spruce_door":7,"taccraft:assault_vest_chestplate":2,"minecraft:pumpkin_seeds":1,"minecraft:white_concrete_powder":82,"minecraft:chainmail_leggings":1,"vanillaplustools:stone_hammer":3,"securitycraft:door_indestructible_iron_item":1,"minecraft:black_wool":7,"cgm:workbench":1,"minecraft:coal":408},"minecraft:dropped":{"farmersdelight:hamburger":44,"farmersdelight:iron_knife":1,"minecraft:clay":1,"minecraft:iron_sword":1,"minecraft:porkchop":3,"minecraft:lapis_lazuli":14,"minecraft:glass_bottle":15,"minecraft:diamond":7,"minecraft:cracked_stone_bricks":1,"minecraft:leather_helmet":1,"minecraft:red_mushroom":64,"sophisticatedbackpacks:gold_backpack":2,"zombie_extreme:rotten_apple":44,"minecraft:dirt":126,"securitycraft:keypad_frame":1,"zombie_extreme:soda_used":1,"minecraft:gold_nugget":73,"minecraft:bone_block":32,"minecraft:sand":15,"minecraft:sugar":1,"spartanweaponry:iron_dagger":4,"securitycraft:reinforced_stone_bricks":1,"rottencreatures:magma_rotten_flesh":4,"minecraft:fishing_rod":2,"minecraft:white_wool":1,"minecraft:bone":4,"securitycraft:whitelist_module":4,"zombie_extreme:canned_stew":1,"zombie_extreme:raw_aluminum":3,"minecraft:stone_axe":11,"minecraft:sugar_cane":38,"mutantmonsters:hulk_hammer":1,"minecraft:ancient_debris":4,"vanillaplustools:stone_shovel":3,"scorchedguns:lm_spear_trough":1,"minecraft:golden_chestplate":1,"minecraft:cobbled_deepslate":6272,"minecraft:wheat":5,"minecraft:obsidian":34,"minecraft:rotten_flesh":264,"minecraft:oak_planks":2,"minecraft:enchanted_golden_apple":64,"securitycraft:reinforced_spruce_planks":1,"securitycraft:keypad_item":1,"minecraft:firework_star":64,"scorchedguns:steyr_smg":4,"cgm:short_scope":3,"cgm:basic_bullet":3289,"spartanweaponry:iron_longsword":4,"minecraft:quartz_block":35,"minecraft:leather_boots":1,"minecraft:leather_leggings":2,"minecraft:spruce_slab":19,"minecraft:glass":64,"minecraft:podzol":1,"automobility:automobile_wheel":4,"minecraft:stone_brick_stairs":13,"spartanweaponry:iron_rapier":4,"minecraft:lectern":3,"minecraft:egg":1,"farmersdelight:tomato_seeds":1,"minecraft:enchanted_book":22,"minecraft:golden_boots":1,"minecraft:iron_ingot":245,"projectarsenal:skeletongrip":1,"minecraft:wheat_seeds":429,"projectarsenal:r2_suppressor":1,"minecraft:oak_fence":27,"cgm:mini_gun":4,"minecraft:cobblestone":6499,"minecraft:apple":96,"zombie_extreme:cloth":2,"minecraft:granite":833,"minecraft:sheep_spawn_egg":1,"minecraft:lava_bucket":2,"minecraft:gray_wool":2,"cgm:medium_scope":3,"minecraft:wooden_axe":1,"thirst:terracotta_bowl":1,"minecraft:white_banner":2,"simpleshops:creative_simple_shop":64,"zombie_extreme:juggernaut_suit_helmet":2,"minecraft:iron_shovel":1,"minecraft:paper":2,"minecraft:string":302,"automobility:automobile_engine":1,"minecraft:spruce_sapling":10,"minecraft:stone_brick_slab":100,"vanillaplustools:diamond_hammer":2,"farmersdelight:melon_juice":13,"minecraft:furnace":2,"minecraft:zombie_spawn_egg":1,"securitycraft:universal_block_reinforcer_lvl2":1,"minecraft:stone_sword":1,"minecraft:cobblestone_wall":6,"minecraft:smooth_stone_slab":1,"minecraft:bowl":8,"minecraft:deepslate":16,"minecraft:cut_copper_stairs":64,"minecraft:iron_boots":10,"minecraft:spruce_fence":183,"minecraft:diamond_sword":1,"minecraft:potato":1,"minecraft:cobblestone_slab":148,"minecraft:stone":52,"minecraft:allium":9,"minecraft:spruce_trapdoor":3,"minecraft:spruce_planks":24,"simpleshops:simple_shop":64,"minecraft:diamond_pickaxe":2,"cgm:bazooka":1,"minecraft:carved_pumpkin":6,"minecraft:stone_bricks":3,"sophisticatedbackpacks:copper_backpack":1,"farmersdelight:apple_cider":75,"minecraft:magma_block":9,"vanillaplustools:diamond_shovel":1,"zombie_extreme:raw_tin":27,"minecraft:soul_sand":64,"minecraft:brown_mushroom":64,"scorchedguns:wooden_stock":4,"minecraft:diamond_axe":3,"minecraft:oak_log":26,"minecraft:baked_potato":23,"minecraft:exposed_cut_copper_stairs":2,"scorchedguns:carabine_44":1,"zombie_extreme:washing_machine":1,"minecraft:leather":79,"securitycraft:reinforced_stone_brick_stairs":2,"zombie_extreme:green_apple":2,"minecraft:flint":68,"zombie_extreme:black_ops_glasses_helmet":1,"spartanweaponry:iron_katana":3,"scorchedguns:vidas_smg":1,"minecraft:gold_ingot":128,"minecraft:gravel":180,"minecraft:blackstone":69,"zombie_extreme:police_suit_chestplate":1,"minecraft:pig_spawn_egg":1,"projectarsenal:arx160":4,"farmersdelight:vegetable_noodles":1,"spartanweaponry:iron_saber":2,"minecraft:diamond_shovel":2,"minecraft:stone_stairs":1,"minecraft:carrot":17,"sophisticatedbackpacks:diamond_backpack":4,"zombie_extreme:raw_steel":1,"sophisticatedbackpacks:smelting_upgrade":1,"minecraft:leather_chestplate":2,"minecraft:gunpowder":3450,"minecraft:beetroot_seeds":11,"minecraft:melon_seeds":1,"cgm:long_scope":1,"minecraft:chainmail_boots":17,"vanillaplustools:stone_hammer":3,"minecraft:iron_bars":1,"minecraft:weathered_cut_copper_stairs":14,"minecraft:netherrack":9657,"minecraft:stone_hoe":1,"minecraft:bread":60,"spartanweaponry:handle":3,"minecraft:golden_helmet":1,"minecraft:diamond_leggings":1,"minecraft:poisonous_potato":1,"spartanweaponry:diamond_lance":1,"farmersdelight:tree_bark":6,"spartanweaponry:stone_longsword":1,"minecraft:copper_ingot":5,"minecraft:grass_block":3,"minecraft:stick":54,"minecraft:deepslate_brick_stairs":16,"spartanweaponry:iron_flanged_mace":3,"minecraft:diorite":262,"minecraft:torch":5,"spartanweaponry:iron_battleaxe":2,"minecraft:brown_wool":2,"spartanweaponry:iron_greatsword":5,"minecraft:fire_charge":64,"zombie_extreme:raw_lead":8,"farmersdelight:bacon":4,"minecraft:iron_axe":22,"sophisticatedbackpacks:jukebox_upgrade":1,"sophisticatedbackpacks:crafting_upgrade":1,"minecraft:bucket":1,"scorchedguns:ooz_96":2,"minecraft:redstone_block":7,"minecraft:dandelion":3,"minecraft:smooth_basalt":32,"minecraft:polished_deepslate":6,"spartanweaponry:iron_battle_hammer":4,"farmersdelight:rotten_tomato":1,"minecraft:anvil":1,"minecraft:sweet_berries":35,"minecraft:nether_wart":64,"minecraft:blaze_rod":64,"minecraft:raw_copper":40,"minecraft:light_gray_terracotta":2,"minecraft:tuff":1234,"minecraft:raw_iron":16,"farmersdelight:cabbage_seeds":308,"zombie_extreme:ruby":2,"projectarsenal:ar15_classic":4,"minecraft:villager_spawn_egg":1,"thirst:terracotta_water_bowl":25,"securitycraft:universal_block_remover":7,"spartanweaponry:iron_warhammer":3,"securitycraft:reinforced_grass_block":1,"minecraft:shield":12,"minecraft:diamond_chestplate":1,"minecraft:andesite":1150,"horror_element_mod:herobrine_head":1,"minecraft:light_gray_bed":1,"minecraft:oak_sapling":45,"minecraft:cow_spawn_egg":1,"zombie_extreme:police_suit_helmet":1,"minecraft:stone_pickaxe":3,"minecraft:wooden_pickaxe":2,"minecraft:nether_quartz_ore":3,"minecraft:calcite":67,"minecraft:brick":2},"minecraft:broken":{"minecraft:golden_boots":2,"minecraft:diamond_helmet":1,"spartanshields:stone_tower_shield":1,"taccraft:assault_vest_helmet":1,"taccraft:assault_vest_leggings":1,"minecraft:stone_sword":1,"taccraft:assault_vest_chestplate":1,"vanillaplustools:stone_hammer":6,"minecraft:iron_pickaxe":1,"taccraft:assault_vest_boots":1,"minecraft:leather_leggings":1,"minecraft:stone_pickaxe":2,"minecraft:stone_axe":5,"minecraft:golden_chestplate":1},"minecraft:killed":{"zombie_extreme:night_hunter":45,"minecraft:zombie_horse":17,"zombie_extreme:goon":6,"minecraft:chicken":3,"zombie_extreme:ram":7,"minecraft:cat":4,"minecraft:magma_cube":1,"zombie_extreme:infected_hazmat":21,"minecraft:salmon":10,"minecraft:iron_golem":1,"mutantmonsters:mutant_skeleton":1,"zombie_extreme:chainsaw":32,"kevin_trophy:blister_zombie":8,"minecraft:pillager":18,"minecraft:zombie":2069,"mutantmonsters:mutant_creeper":1,"rottencreatures:immortal":1,"minecraft:cow":19,"hordes:zombie_player":1,"zombie_extreme:demolisher":4,"minecraft:zoglin":1,"zombie_extreme:runner":44,"zombie_extreme:crawler":42,"minecraft:husk":96,"zombie_extreme:boomer":47,"zombie_extreme:infected_military":30,"zombie_extreme:military":8,"zombie_extreme:assasin_black_ops":7,"quark:wraith":1,"kevin_trophy:zombie_brute":2,"minecraft:zombified_piglin":33,"rottencreatures:burned":11,"zombie_extreme:infected_juggernaut":7,"zombie_extreme:divided":11,"minecraft:bee":1,"minecraft:piglin":2,"minecraft:pig":14,"minecraft:zombie_villager":6,"zombie_extreme:bomber":27,"minecraft:sheep":30,"minecraft:trader_llama":3,"zombie_extreme:infected_police":34,"zombie_extreme:devastated":10,"zombie_extreme:fetus":9,"minecraft:phantom":6,"kevin_trophy:spitter_zombie":4,"minecraft:drowned":288,"zombie_extreme:infected":64,"quark:foxhound":4,"minecraft:bat":1,"minecraft:squid":12,"kevin_trophy:crawler_zombie":7,"mutantmonsters:mutant_zombie":2},"minecraft:crafted":{"minecraft:black_dye":13,"minecraft:light_gray_concrete_powder":72,"minecraft:smooth_stone":16,"spartanshields:wooden_tower_shield":1,"minecraft:diamond_shovel":1,"securitycraft:keypad_item":6,"automobility:auto_mechanic_table":1,"k_turrets:titanium_ingot":29,"minecraft:cooked_mutton":21,"minecraft:iron_bars":16,"minecraft:glass":88,"minecraft:diamond_helmet":1,"minecraft:diamond_leggings":1,"minecraft:melon_seeds":14,"minecraft:iron_door":3,"vanillaplustools:stone_shovel":4,"spartanweaponry:diamond_lance":1,"minecraft:glass_bottle":87,"minecraft:wooden_shovel":1,"automobility:crowbar":1,"minecraft:emerald":686,"minecraft:diamond_axe":1,"farmersdelight:iron_knife":1,"minecraft:copper_ingot":991,"minecraft:campfire":1,"farmersdelight:wheat_dough":117,"farmersdelight:beef_patty":90,"minecraft:stone_brick_stairs":12,"minecraft:lectern":3,"minecraft:iron_horse_armor":3,"minecraft:iron_pickaxe":2,"minecraft:iron_block":19,"minecraft:gold_ingot":81,"securitycraft:whitelist_module":2,"minecraft:light_gray_dye":9,"minecraft:composter":1,"farmersdelight:melon_juice":18,"minecraft:stone_shovel":38,"vanillaplustools:stone_hammer":9,"minecraft:iron_nugget":126,"minecraft:polished_deepslate_stairs":20,"minecraft:bone_meal":327,"minecraft:spruce_fence":195,"minecraft:stone_stairs":80,"minecraft:black_concrete_powder":32,"securitycraft:universal_block_remover":1,"minecraft:spruce_slab":48,"minecraft:stone_pickaxe":85,"minecraft:diamond_boots":1,"minecraft:spruce_boat":1,"minecraft:redstone_block":7,"minecraft:wheat":117,"farmersdelight:hamburger":90,"minecraft:gray_concrete_powder":48,"farmersdelight:cooking_pot":1,"minecraft:enchanted_book":14,"securitycraft:door_indestructible_iron_item":2,"minecraft:potion":181,"minecraft:chainmail_boots":17,"minecraft:wooden_axe":1,"minecraft:white_bed":1,"farmersdelight:diamond_knife":1,"minecraft:brick":32,"minecraft:oak_planks":496,"minecraft:cobblestone_slab":84,"minecraft:stone":345,"minecraft:heavy_weighted_pressure_plate":6,"minecraft:stone_brick_slab":192,"minecraft:bow":4,"minecraft:iron_boots":10,"minecraft:chest":20,"minecraft:copper_block":6,"minecraft:bricks":4,"minecraft:stone_bricks":640,"minecraft:oak_fence":48,"securitycraft:keypad_door_item":2,"farmersdelight:stove":1,"minecraft:crafting_table":17,"minecraft:spruce_planks":12360,"minecraft:wooden_pickaxe":1,"minecraft:baked_potato":69,"minecraft:acacia_button":2,"minecraft:birch_planks":44,"minecraft:pumpkin_seeds":4,"minecraft:dispenser":4,"minecraft:apple":116,"minecraft:spruce_trapdoor":2,"minecraft:paper":6,"minecraft:diamond_pickaxe":2,"minecraft:charcoal":25,"minecraft:shield":13,"minecraft:stick":22048,"minecraft:iron_ingot":800,"minecraft:stone_sword":3,"minecraft:shears":2,"minecraft:raw_iron":36,"minecraft:stone_brick_wall":30,"minecraft:leather_boots":1,"minecraft:furnace":12,"minecraft:stone_button":84,"minecraft:blast_furnace":1,"minecraft:gray_dye":6,"minecraft:mushroom_stew":1,"securitycraft:keypad_frame":2,"spartanshields:stone_tower_shield":1,"minecraft:flint_and_steel":1,"automobility:automobile_assembler":1,"spartanweaponry:stone_longsword":1,"minecraft:white_concrete_powder":128,"minecraft:leather":64,"minecraft:polished_deepslate":32,"minecraft:iron_axe":2,"cgm:workbench":3,"minecraft:cooked_beef":7,"minecraft:sugar":166,"minecraft:red_dye":1,"k_turrets:cobble_turret_item":3,"minecraft:bowl":88,"spartanweaponry:handle":4,"thirst:terracotta_water_bowl":322,"minecraft:stone_axe":13,"farmersdelight:sweet_berry_cookie":8,"minecraft:bread":155,"minecraft:air":0,"minecraft:blue_dye":1,"minecraft:oak_boat":4,"minecraft:white_wool":1,"minecraft:gold_nugget":9,"minecraft:white_dye":39,"minecraft:acacia_planks":36,"minecraft:torch":192,"k_turrets:bullet_turret_item":1,"minecraft:diamond_chestplate":1},"minecraft:killed_by":{"minecraft:zombie":14,"minecraft:cow":1,"minecraft:husk":2,"zombie_extreme:devastated":1,"minecraft:zombified_piglin":2,"zombie_extreme:night_hunter":3,"minecraft:drowned":4,"zombie_extreme:chainsaw":1,"minecraft:player":4,"zombie_extreme:military":1},"minecraft:used":{"minecraft:spruce_slab":14,"farmersdelight:cabbage_seeds":127,"minecraft:ladder":3,"minecraft:chest":49,"minecraft:stone":573,"securitycraft:keypad_item":8,"minecraft:weathered_cut_copper_stairs":1,"minecraft:acacia_button":2,"automobility:automobile_assembler":6,"minecraft:spruce_boat":5,"spartanweaponry:diamond_lance":169,"spartanweaponry:iron_longsword":20,"minecraft:lava_bucket":2,"minecraft:villager_spawn_egg":3,"scorchedguns:steyr_smg":64,"minecraft:grass_block":1288,"minecraft:quartz_block":10,"farmersdelight:rotten_tomato":1,"minecraft:stone_brick_stairs":4,"minecraft:sweet_berries":222,"mutantmonsters:hulk_hammer":25,"minecraft:oak_sapling":16,"minecraft:furnace":15,"minecraft:egg":2,"k_turrets:bullet_turret_item":1,"minecraft:potato":143,"spartanweaponry:iron_greatsword":34,"bunker_down:steel_vent":2,"minecraft:diorite":27,"farmersdelight:hamburger":29,"minecraft:mossy_stone_bricks":2,"minecraft:cow_spawn_egg":16,"securitycraft:door_indestructible_iron_item":1,"securitycraft:reinforced_spruce_planks":1,"securitycraft:reinforced_stone_brick_slab":40,"minecraft:wooden_pickaxe":15,"securitycraft:keypad_frame":3,"minecraft:composter":2,"minecraft:clay":25,"farmersdelight:pumpkin_slice":4,"minecraft:sand":32,"simpleshops:simple_shop":5,"minecraft:blast_furnace":8,"securitycraft:universal_block_remover":54,"farmersdelight:rice":10,"minecraft:black_concrete_powder":34,"minecraft:deepslate_brick_stairs":108,"minecraft:pumpkin_seeds":6,"farmersdelight:apple_pie_slice":2,"automobility:auto_mechanic_table":4,"minecraft:lectern":146,"minecraft:diamond_sword":19,"minecraft:smithing_table":1,"projectarsenal:ar15_classic":10356,"minecraft:oak_boat":6,"cgm:mini_gun":2850,"securitycraft:whitelist_module":8,"scorchedguns:ooz_96":48,"k_turrets:cobble_turret_item":3,"vanillaplustools:diamond_shovel":103,"minecraft:iron_bars":4,"minecraft:enchanting_table":1,"minecraft:stone_sword":261,"farmersdelight:vegetable_noodles":35,"vanillaplustools:stone_hammer":1011,"minecraft:netherrack":204,"minecraft:exposed_cut_copper_stairs":2,"minecraft:torch":330,"minecraft:anvil":2,"minecraft:nether_quartz_ore":1,"projectarsenal:scarh":589,"minecraft:stone_stairs":140,"minecraft:melon_seeds":18,"minecraft:smooth_basalt":12,"minecraft:beef":4,"minecraft:podzol":200,"farmersdelight:cooking_pot":1,"farmersdelight:tomato_seeds":27,"minecraft:cobbled_deepslate":327,"minecraft:acacia_planks":1,"minecraft:wheat_seeds":131,"farmersdelight:iron_knife":99,"minecraft:water_bucket":36,"minecraft:birch_planks":5,"minecraft:sheep_spawn_egg":12,"minecraft:cracked_stone_bricks":3,"securitycraft:keypad":1,"securitycraft:reinforced_stone_bricks":588,"minecraft:crafting_table":19,"vanillaplustools:stone_shovel":218,"minecraft:white_bed":8,"minecraft:spruce_log":4,"thirst:terracotta_water_bowl":204,"minecraft:oak_log":22,"minecraft:diamond_pickaxe":1464,"minecraft:diamond_shovel":1619,"minecraft:iron_pickaxe":332,"minecraft:pig_spawn_egg":11,"minecraft:spruce_trapdoor":2,"minecraft:spruce_sapling":320,"minecraft:cobblestone":582,"minecraft:potion":115,"vanillaplustools:iron_hammer":861,"minecraft:porkchop":3,"projectarsenal:arx160":3826,"minecraft:stripped_oak_log":43,"spartanweaponry:stone_longsword":88,"minecraft:diamond_hoe":191,"minecraft:white_concrete_powder":210,"farmersdelight:stove":1,"minecraft:iron_sword":267,"minecraft:zombie_spawn_egg":1,"farmersdelight:rich_soil_farmland":7,"minecraft:carrot":189,"minecraft:tuff":35,"farmersdelight:sweet_berry_cookie":8,"minecraft:obsidian":19,"minecraft:milk_bucket":2,"minecraft:polished_deepslate_stairs":11,"minecraft:glass":93,"farmersdelight:tomato":1,"minecraft:gray_concrete_powder":48,"minecraft:stone_bricks":440,"farmersdelight:cutting_board":1,"minecraft:magma_block":2,"scorchedguns:sc_dahka":598,"minecraft:stone_pickaxe":653,"minecraft:oak_planks":40,"minecraft:sugar_cane":6,"minecraft:diamond_axe":2807,"farmersdelight:organic_compost":6,"vanillaplustools:diamond_hammer":2477,"minecraft:mushroom_stew":1,"minecraft:light_gray_terracotta":2,"cgm:bazooka":6,"spartanshields:stone_tower_shield":90,"minecraft:stone_brick_wall":35,"minecraft:exposed_copper":1,"spartanweaponry:iron_saber":44,"minecraft:melon_slice":33,"minecraft:bread":11,"minecraft:iron_door":1,"minecraft:gravel":11,"scorchedguns:vidas_smg":1416,"minecraft:andesite":61,"minecraft:air":1,"minecraft:cobweb":8,"minecraft:oak_fence":25,"zombie_extreme:butcher_knife":9,"minecraft:flint_and_steel":1,"minecraft:stone_shovel":48,"minecraft:spruce_planks":696,"securitycraft:keypad_door_item":6,"scorchedguns:lm_spear_trough":14,"farmersdelight:rich_soil":180,"minecraft:stone_hoe":11,"securitycraft:reinforced_iron_bars":200,"minecraft:cut_copper_stairs":3,"minecraft:dirt":1480,"cgm:workbench":4,"minecraft:cobblestone_wall":16,"minecraft:granite":7,"minecraft:spruce_fence":155,"minecraft:stone_brick_slab":191,"minecraft:wooden_axe":6,"minecraft:bookshelf":7,"securitycraft:reinforced_glass":35,"securitycraft:reinforced_stone_brick_stairs":472,"minecraft:cooked_beef":7,"minecraft:light_gray_bed":5,"minecraft:cooked_mutton":18,"minecraft:glass_bottle":130,"minecraft:baked_potato":126,"minecraft:brown_mushroom":20,"zombie_extreme:rotten_apple":1,"minecraft:cobblestone_slab":1,"farmersdelight:onion":92,"minecraft:red_mushroom":23,"minecraft:light_gray_concrete_powder":87,"farmersdelight:apple_cider":52,"minecraft:apple":10,"simpleshops:creative_simple_shop":9,"minecraft:stone_axe":834,"minecraft:bucket":76,"minecraft:yellow_bed":3}},"DataVersion":3120}